motif_id	motif_alt_id	sequence_name	start	stop	strand	score	p-value	q-value	matched_sequence
ATCTCGGC	DREME-22	chr16	451213	451220	+	15.6087	1.96e-05	0.617	atctcggc
ATCTCGGC	DREME-22	chr4	492577	492584	+	15.6087	1.96e-05	0.617	atctcggc
ATCTCGGC	DREME-22	chr12	739604	739611	+	15.6087	1.96e-05	0.617	atctcggc
ATCTCGGC	DREME-22	chr7	1014358	1014365	+	15.6087	1.96e-05	0.617	atctcggc
ATCTCGGC	DREME-22	chr12	1058291	1058298	+	15.6087	1.96e-05	0.617	atctcggc
ATCTCGGC	DREME-22	chr10	1101812	1101819	+	15.6087	1.96e-05	0.617	atctcggc
ATCTCGGC	DREME-22	chr16	1359304	1359311	+	15.6087	1.96e-05	0.617	ATCTCGGC
ATCTCGGC	DREME-22	chr7	1610433	1610440	+	15.6087	1.96e-05	0.617	atctcggc
ATCTCGGC	DREME-22	chr19	2095807	2095814	+	15.6087	1.96e-05	0.617	atctcggc
ATCTCGGC	DREME-22	chr20	2489545	2489552	+	15.6087	1.96e-05	0.617	ATCTCGGC
ATCTCGGC	DREME-22	chr6	2766713	2766720	+	15.6087	1.96e-05	0.617	ATCTCGGC
ATCTCGGC	DREME-22	chr16	3662315	3662322	+	15.6087	1.96e-05	0.617	atctcggc
ATCTCGGC	DREME-22	chr16	4358150	4358157	+	15.6087	1.96e-05	0.617	atctcggc
ATCTCGGC	DREME-22	chr19	4471079	4471086	+	15.6087	1.96e-05	0.617	atctcggc
ATCTCGGC	DREME-22	chr10	6245181	6245188	+	15.6087	1.96e-05	0.617	ATCTCGGC
ATCTCGGC	DREME-22	chr7	6413648	6413655	+	15.6087	1.96e-05	0.617	atctcggc
ATCTCGGC	DREME-22	chr7	6487906	6487913	+	15.6087	1.96e-05	0.617	atctcggc
ATCTCGGC	DREME-22	chr17	7074977	7074984	+	15.6087	1.96e-05	0.617	atctcggc
ATCTCGGC	DREME-22	chr17	7209806	7209813	+	15.6087	1.96e-05	0.617	atctcggc
ATCTCGGC	DREME-22	chr17	7359437	7359444	+	15.6087	1.96e-05	0.617	atctcggc
ATCTCGGC	DREME-22	chr17	8125146	8125153	+	15.6087	1.96e-05	0.617	ATCTCGGC
ATCTCGGC	DREME-22	chr17	8151622	8151629	+	15.6087	1.96e-05	0.617	atctcggc
ATCTCGGC	DREME-22	chr4	8442506	8442513	+	15.6087	1.96e-05	0.617	ATCTCGGC
ATCTCGGC	DREME-22	chr19	11925130	11925137	+	15.6087	1.96e-05	0.617	ATCTCGGC
ATCTCGGC	DREME-22	chr2	12571301	12571308	+	15.6087	1.96e-05	0.617	atctcggc
ATCTCGGC	DREME-22	chr19	14529333	14529340	+	15.6087	1.96e-05	0.617	atctcggc
ATCTCGGC	DREME-22	chr16	14727573	14727580	+	15.6087	1.96e-05	0.617	atctcggc
ATCTCGGC	DREME-22	chr9	15296556	15296563	+	15.6087	1.96e-05	0.617	atctcggc
ATCTCGGC	DREME-22	chr17	15902132	15902139	+	15.6087	1.96e-05	0.617	atctcggc
ATCTCGGC	DREME-22	chr11	17100079	17100086	+	15.6087	1.96e-05	0.617	atctcggc
ATCTCGGC	DREME-22	chr19	17621894	17621901	+	15.6087	1.96e-05	0.617	atctcggc
ATCTCGGC	DREME-22	chr8	17942578	17942585	+	15.6087	1.96e-05	0.617	ATCTCGGC
ATCTCGGC	DREME-22	chr22	18110814	18110821	+	15.6087	1.96e-05	0.617	atctcggc
ATCTCGGC	DREME-22	chr19	19977371	19977378	+	15.6087	1.96e-05	0.617	atctcggc
ATCTCGGC	DREME-22	chr13	20357487	20357494	+	15.6087	1.96e-05	0.617	atctcggc
ATCTCGGC	DREME-22	chr19	20606344	20606351	+	15.6087	1.96e-05	0.617	atctcggc
ATCTCGGC	DREME-22	chr22	21272943	21272950	+	15.6087	1.96e-05	0.617	atctcggc
ATCTCGGC	DREME-22	chr22	21356991	21356998	+	15.6087	1.96e-05	0.617	atctcggc
ATCTCGGC	DREME-22	chr13	21750693	21750700	+	15.6087	1.96e-05	0.617	ATCTCGGC
ATCTCGGC	DREME-22	chr10	22629871	22629878	+	15.6087	1.96e-05	0.617	ATCTCGGC
ATCTCGGC	DREME-22	chr8	23020498	23020505	+	15.6087	1.96e-05	0.617	atctcggc
ATCTCGGC	DREME-22	chr8	23020676	23020683	+	15.6087	1.96e-05	0.617	atctcggc
ATCTCGGC	DREME-22	chr8	23083059	23083066	+	15.6087	1.96e-05	0.617	atctcggc
ATCTCGGC	DREME-22	chr7	23386275	23386282	+	15.6087	1.96e-05	0.617	atctcggc
ATCTCGGC	DREME-22	chr15	23482176	23482183	+	15.6087	1.96e-05	0.617	atctcggc
ATCTCGGC	DREME-22	chrX	23799217	23799224	+	15.6087	1.96e-05	0.617	atctcggc
ATCTCGGC	DREME-22	chr1	24968715	24968722	+	15.6087	1.96e-05	0.617	atctcggc
ATCTCGGC	DREME-22	chr6	26126051	26126058	+	15.6087	1.96e-05	0.617	atctcggc
ATCTCGGC	DREME-22	chr1	26186715	26186722	+	15.6087	1.96e-05	0.617	atctcggc
ATCTCGGC	DREME-22	chr6	26199283	26199290	+	15.6087	1.96e-05	0.617	ATCTCGGC
ATCTCGGC	DREME-22	chr6	26249979	26249986	+	15.6087	1.96e-05	0.617	atctcggc
ATCTCGGC	DREME-22	chr13	26760978	26760985	+	15.6087	1.96e-05	0.617	atctcggc
ATCTCGGC	DREME-22	chr10	27389526	27389533	+	15.6087	1.96e-05	0.617	ATCTCGGC
ATCTCGGC	DREME-22	chr10	27443562	27443569	+	15.6087	1.96e-05	0.617	atctcggc
ATCTCGGC	DREME-22	chr3	27526587	27526594	+	15.6087	1.96e-05	0.617	atctcggc
ATCTCGGC	DREME-22	chr2	27603452	27603459	+	15.6087	1.96e-05	0.617	ATCTCGGC
ATCTCGGC	DREME-22	chr6	27791546	27791553	+	15.6087	1.96e-05	0.617	atctcggc
ATCTCGGC	DREME-22	chr1	27958711	27958718	+	15.6087	1.96e-05	0.617	atctcggc
ATCTCGGC	DREME-22	chr1	28415586	28415593	+	15.6087	1.96e-05	0.617	atctcggc
ATCTCGGC	DREME-22	chr1	28655861	28655868	+	15.6087	1.96e-05	0.617	atctcggc
ATCTCGGC	DREME-22	chr1	28831987	28831994	+	15.6087	1.96e-05	0.617	atctcggc
ATCTCGGC	DREME-22	chr15	29561409	29561416	+	15.6087	1.96e-05	0.617	ATCTCGGC
ATCTCGGC	DREME-22	chr21	30391914	30391921	+	15.6087	1.96e-05	0.617	atctcggc
ATCTCGGC	DREME-22	chr6	30483582	30483589	+	15.6087	1.96e-05	0.617	atctcggc
ATCTCGGC	DREME-22	chr3	30649496	30649503	+	15.6087	1.96e-05	0.617	atctcggc
ATCTCGGC	DREME-22	chr6	30654784	30654791	+	15.6087	1.96e-05	0.617	ATCTCGGC
ATCTCGGC	DREME-22	chr10	30724545	30724552	+	15.6087	1.96e-05	0.617	atctcggc
ATCTCGGC	DREME-22	chr6	31165063	31165070	+	15.6087	1.96e-05	0.617	atctcggc
ATCTCGGC	DREME-22	chr6	31172235	31172242	+	15.6087	1.96e-05	0.617	atctcggc
ATCTCGGC	DREME-22	chr6	31239846	31239853	+	15.6087	1.96e-05	0.617	ATCTCGGC
ATCTCGGC	DREME-22	chr6	31324933	31324940	+	15.6087	1.96e-05	0.617	ATCTCGGC
ATCTCGGC	DREME-22	chr6	31368719	31368726	+	15.6087	1.96e-05	0.617	ATCTCGGC
ATCTCGGC	DREME-22	chr12	32292560	32292567	+	15.6087	1.96e-05	0.617	atctcggc
ATCTCGGC	DREME-22	chr2	32390338	32390345	+	15.6087	1.96e-05	0.617	atctcggc
ATCTCGGC	DREME-22	chr7	32530179	32530186	+	15.6087	1.96e-05	0.617	ATCTCGGC
ATCTCGGC	DREME-22	chr22	32870638	32870645	+	15.6087	1.96e-05	0.617	ATCTCGGC
ATCTCGGC	DREME-22	chr13	33000745	33000752	+	15.6087	1.96e-05	0.617	ATCTCGGC
ATCTCGGC	DREME-22	chr3	33758982	33758989	+	15.6087	1.96e-05	0.617	atctcggc
ATCTCGGC	DREME-22	chr13	33859773	33859780	+	15.6087	1.96e-05	0.617	ATCTCGGC
ATCTCGGC	DREME-22	chr20	34329020	34329027	+	15.6087	1.96e-05	0.617	atctcggc
ATCTCGGC	DREME-22	chr6	34857932	34857939	+	15.6087	1.96e-05	0.617	atctcggc
ATCTCGGC	DREME-22	chr17	34891569	34891576	+	15.6087	1.96e-05	0.617	atctcggc
ATCTCGGC	DREME-22	chr14	35009135	35009142	+	15.6087	1.96e-05	0.617	atctcggc
ATCTCGGC	DREME-22	chr15	35262377	35262384	+	15.6087	1.96e-05	0.617	atctcggc
ATCTCGGC	DREME-22	chr15	35838547	35838554	+	15.6087	1.96e-05	0.617	ATCTCGGC
ATCTCGGC	DREME-22	chr6	35995499	35995506	+	15.6087	1.96e-05	0.617	ATCTCGGC
ATCTCGGC	DREME-22	chr6	36563765	36563772	+	15.6087	1.96e-05	0.617	atctcggc
ATCTCGGC	DREME-22	chr22	36877820	36877827	+	15.6087	1.96e-05	0.617	atctcggc
ATCTCGGC	DREME-22	chr22	37975503	37975510	+	15.6087	1.96e-05	0.617	atctcggc
ATCTCGGC	DREME-22	chr22	38240644	38240651	+	15.6087	1.96e-05	0.617	atctcggc
ATCTCGGC	DREME-22	chr22	38245057	38245064	+	15.6087	1.96e-05	0.617	atctcggc
ATCTCGGC	DREME-22	chr22	38900977	38900984	+	15.6087	1.96e-05	0.617	atctcggc
ATCTCGGC	DREME-22	chr4	39639648	39639655	+	15.6087	1.96e-05	0.617	ATCTCGGC
ATCTCGGC	DREME-22	chr3	40351506	40351513	+	15.6087	1.96e-05	0.617	ATCTCGGC
ATCTCGGC	DREME-22	chr1	40626522	40626529	+	15.6087	1.96e-05	0.617	atctcggc
ATCTCGGC	DREME-22	chr17	40761270	40761277	+	15.6087	1.96e-05	0.617	ATCTCGGC
ATCTCGGC	DREME-22	chr17	41445827	41445834	+	15.6087	1.96e-05	0.617	atctcggc
ATCTCGGC	DREME-22	chr4	41937259	41937266	+	15.6087	1.96e-05	0.617	ATCTCGGC
ATCTCGGC	DREME-22	chr3	42003565	42003572	+	15.6087	1.96e-05	0.617	ATCTCGGC
ATCTCGGC	DREME-22	chr22	42078748	42078755	+	15.6087	1.96e-05	0.617	atctcggc
ATCTCGGC	DREME-22	chr12	42325960	42325967	+	15.6087	1.96e-05	0.617	atctcggc
ATCTCGGC	DREME-22	chr5	42993644	42993651	+	15.6087	1.96e-05	0.617	atctcggc
ATCTCGGC	DREME-22	chr5	42993653	42993660	+	15.6087	1.96e-05	0.617	atctcggc
ATCTCGGC	DREME-22	chr17	43224935	43224942	+	15.6087	1.96e-05	0.617	ATCTCGGC
ATCTCGGC	DREME-22	chr10	43636729	43636736	+	15.6087	1.96e-05	0.617	atctcggc
ATCTCGGC	DREME-22	chr20	44601019	44601026	+	15.6087	1.96e-05	0.617	ATCTCGGC
ATCTCGGC	DREME-22	chr17	45177826	45177833	+	15.6087	1.96e-05	0.617	atctcggc
ATCTCGGC	DREME-22	chr16	47119356	47119363	+	15.6087	1.96e-05	0.617	atctcggc
ATCTCGGC	DREME-22	chr18	48722950	48722957	+	15.6087	1.96e-05	0.617	ATCTCGGC
ATCTCGGC	DREME-22	chrX	48938165	48938172	+	15.6087	1.96e-05	0.617	atctcggc
ATCTCGGC	DREME-22	chrX	48980358	48980365	+	15.6087	1.96e-05	0.617	atctcggc
ATCTCGGC	DREME-22	chr12	49628664	49628671	+	15.6087	1.96e-05	0.617	atctcggc
ATCTCGGC	DREME-22	chr13	50069700	50069707	+	15.6087	1.96e-05	0.617	atctcggc
ATCTCGGC	DREME-22	chr3	50126953	50126960	+	15.6087	1.96e-05	0.617	ATCTCGGC
ATCTCGGC	DREME-22	chr3	52322292	52322299	+	15.6087	1.96e-05	0.617	atctcggc
ATCTCGGC	DREME-22	chr20	52824706	52824713	+	15.6087	1.96e-05	0.617	ATCTCGGC
ATCTCGGC	DREME-22	chr19	53700748	53700755	+	15.6087	1.96e-05	0.617	atctcggc
ATCTCGGC	DREME-22	chrX	53711421	53711428	+	15.6087	1.96e-05	0.617	ATCTCGGC
ATCTCGGC	DREME-22	chr19	54619346	54619353	+	15.6087	1.96e-05	0.617	atctcggc
ATCTCGGC	DREME-22	chr18	55289557	55289564	+	15.6087	1.96e-05	0.617	atctcggc
ATCTCGGC	DREME-22	chr12	56651662	56651669	+	15.6087	1.96e-05	0.617	ATCTCGGC
ATCTCGGC	DREME-22	chr17	56737121	56737128	+	15.6087	1.96e-05	0.617	atctcggc
ATCTCGGC	DREME-22	chr12	56754431	56754438	+	15.6087	1.96e-05	0.617	atctcggc
ATCTCGGC	DREME-22	chr17	57920274	57920281	+	15.6087	1.96e-05	0.617	atctcggc
ATCTCGGC	DREME-22	chr19	58281588	58281595	+	15.6087	1.96e-05	0.617	atctcggc
ATCTCGGC	DREME-22	chr14	58764503	58764510	+	15.6087	1.96e-05	0.617	ATCTCGGC
ATCTCGGC	DREME-22	chr19	58858944	58858951	+	15.6087	1.96e-05	0.617	ATCTCGGC
ATCTCGGC	DREME-22	chr2	62116105	62116112	+	15.6087	1.96e-05	0.617	atctcggc
ATCTCGGC	DREME-22	chr11	62494506	62494513	+	15.6087	1.96e-05	0.617	ATCTCGGC
ATCTCGGC	DREME-22	chr7	63386983	63386990	+	15.6087	1.96e-05	0.617	atctcggc
ATCTCGGC	DREME-22	chr11	63742714	63742721	+	15.6087	1.96e-05	0.617	atctcggc
ATCTCGGC	DREME-22	chr11	64948884	64948891	+	15.6087	1.96e-05	0.617	ATCTCGGC
ATCTCGGC	DREME-22	chr12	65563703	65563710	+	15.6087	1.96e-05	0.617	ATCTCGGC
ATCTCGGC	DREME-22	chr15	66084222	66084229	+	15.6087	1.96e-05	0.617	ATCTCGGC
ATCTCGGC	DREME-22	chr3	66271210	66271217	+	15.6087	1.96e-05	0.617	ATCTCGGC
ATCTCGGC	DREME-22	chr12	66564038	66564045	+	15.6087	1.96e-05	0.617	atctcggc
ATCTCGGC	DREME-22	chr16	67969970	67969977	+	15.6087	1.96e-05	0.617	ATCTCGGC
ATCTCGGC	DREME-22	chr2	70484801	70484808	+	15.6087	1.96e-05	0.617	atctcggc
ATCTCGGC	DREME-22	chr2	70521142	70521149	+	15.6087	1.96e-05	0.617	atctcggc
ATCTCGGC	DREME-22	chr16	70558480	70558487	+	15.6087	1.96e-05	0.617	atctcggc
ATCTCGGC	DREME-22	chr14	70883745	70883752	+	15.6087	1.96e-05	0.617	ATCTCGGC
ATCTCGGC	DREME-22	chr11	71823293	71823300	+	15.6087	1.96e-05	0.617	ATCTCGGC
ATCTCGGC	DREME-22	chr16	71928227	71928234	+	15.6087	1.96e-05	0.617	atctcggc
ATCTCGGC	DREME-22	chr10	71930747	71930754	+	15.6087	1.96e-05	0.617	atctcggc
ATCTCGGC	DREME-22	chr10	72575743	72575750	+	15.6087	1.96e-05	0.617	ATCTCGGC
ATCTCGGC	DREME-22	chr11	72851908	72851915	+	15.6087	1.96e-05	0.617	ATCTCGGC
ATCTCGGC	DREME-22	chr7	73625670	73625677	+	15.6087	1.96e-05	0.617	atctcggc
ATCTCGGC	DREME-22	chr17	73892200	73892207	+	15.6087	1.96e-05	0.617	atctcggc
ATCTCGGC	DREME-22	chr2	73964905	73964912	+	15.6087	1.96e-05	0.617	atctcggc
ATCTCGGC	DREME-22	chr14	74319028	74319035	+	15.6087	1.96e-05	0.617	atctcggc
ATCTCGGC	DREME-22	chr14	74319592	74319599	+	15.6087	1.96e-05	0.617	atctcggc
ATCTCGGC	DREME-22	chr2	74405629	74405636	+	15.6087	1.96e-05	0.617	ATCTCGGC
ATCTCGGC	DREME-22	chr17	76779073	76779080	+	15.6087	1.96e-05	0.617	atctcggc
ATCTCGGC	DREME-22	chr17	76920825	76920832	+	15.6087	1.96e-05	0.617	ATCTCGGC
ATCTCGGC	DREME-22	chrX	77151638	77151645	+	15.6087	1.96e-05	0.617	atctcggc
ATCTCGGC	DREME-22	chrX	77155175	77155182	+	15.6087	1.96e-05	0.617	ATCTCGGC
ATCTCGGC	DREME-22	chr15	79166778	79166785	+	15.6087	1.96e-05	0.617	atctcggc
ATCTCGGC	DREME-22	chr5	79552747	79552754	+	15.6087	1.96e-05	0.617	atctcggc
ATCTCGGC	DREME-22	chr10	80828926	80828933	+	15.6087	1.96e-05	0.617	ATCTCGGC
ATCTCGGC	DREME-22	chr9	80850571	80850578	+	15.6087	1.96e-05	0.617	atctcggc
ATCTCGGC	DREME-22	chr12	81330785	81330792	+	15.6087	1.96e-05	0.617	ATCTCGGC
ATCTCGGC	DREME-22	chr14	81408150	81408157	+	15.6087	1.96e-05	0.617	ATCTCGGC
ATCTCGGC	DREME-22	chr15	83680276	83680283	+	15.6087	1.96e-05	0.617	ATCTCGGC
ATCTCGGC	DREME-22	chr15	83735547	83735554	+	15.6087	1.96e-05	0.617	ATCTCGGC
ATCTCGGC	DREME-22	chr4	83955559	83955566	+	15.6087	1.96e-05	0.617	atctcggc
ATCTCGGC	DREME-22	chr4	88310438	88310445	+	15.6087	1.96e-05	0.617	atctcggc
ATCTCGGC	DREME-22	chr1	89457725	89457732	+	15.6087	1.96e-05	0.617	atctcggc
ATCTCGGC	DREME-22	chr6	90060864	90060871	+	15.6087	1.96e-05	0.617	atctcggc
ATCTCGGC	DREME-22	chr14	90863740	90863747	+	15.6087	1.96e-05	0.617	ATCTCGGC
ATCTCGGC	DREME-22	chr15	91209112	91209119	+	15.6087	1.96e-05	0.617	atctcggc
ATCTCGGC	DREME-22	chr15	91473658	91473665	+	15.6087	1.96e-05	0.617	atctcggc
ATCTCGGC	DREME-22	chr1	91487062	91487069	+	15.6087	1.96e-05	0.617	ATCTCGGC
ATCTCGGC	DREME-22	chr7	91764142	91764149	+	15.6087	1.96e-05	0.617	ATCTCGGC
ATCTCGGC	DREME-22	chr12	93771868	93771875	+	15.6087	1.96e-05	0.617	ATCTCGGC
ATCTCGGC	DREME-22	chr5	95170453	95170460	+	15.6087	1.96e-05	0.617	atctcggc
ATCTCGGC	DREME-22	chr5	96212742	96212749	+	15.6087	1.96e-05	0.617	atctcggc
ATCTCGGC	DREME-22	chr5	96518850	96518857	+	15.6087	1.96e-05	0.617	ATCTCGGC
ATCTCGGC	DREME-22	chr3	101405879	101405886	+	15.6087	1.96e-05	0.617	atctcggc
ATCTCGGC	DREME-22	chr8	101733809	101733816	+	15.6087	1.96e-05	0.617	ATCTCGGC
ATCTCGGC	DREME-22	chr5	102594506	102594513	+	15.6087	1.96e-05	0.617	ATCTCGGC
ATCTCGGC	DREME-22	chr10	106014750	106014757	+	15.6087	1.96e-05	0.617	ATCTCGGC
ATCTCGGC	DREME-22	chr10	106098730	106098737	+	15.6087	1.96e-05	0.617	atctcggc
ATCTCGGC	DREME-22	chr3	107242486	107242493	+	15.6087	1.96e-05	0.617	ATCTCGGC
ATCTCGGC	DREME-22	chr12	108956022	108956029	+	15.6087	1.96e-05	0.617	atctcggc
ATCTCGGC	DREME-22	chr12	109026354	109026361	+	15.6087	1.96e-05	0.617	atctcggc
ATCTCGGC	DREME-22	chr1	109506427	109506434	+	15.6087	1.96e-05	0.617	atctcggc
ATCTCGGC	DREME-22	chr9	110250701	110250708	+	15.6087	1.96e-05	0.617	ATCTCGGC
ATCTCGGC	DREME-22	chr13	111214800	111214807	+	15.6087	1.96e-05	0.617	atctcggc
ATCTCGGC	DREME-22	chr1	111991664	111991671	+	15.6087	1.96e-05	0.617	ATCTCGGC
ATCTCGGC	DREME-22	chr9	115913422	115913429	+	15.6087	1.96e-05	0.617	ATCTCGGC
ATCTCGGC	DREME-22	chr8	119124362	119124369	+	15.6087	1.96e-05	0.617	ATCTCGGC
ATCTCGGC	DREME-22	chr3	119217011	119217018	+	15.6087	1.96e-05	0.617	atctcggc
ATCTCGGC	DREME-22	chr12	120639347	120639354	+	15.6087	1.96e-05	0.617	atctcggc
ATCTCGGC	DREME-22	chr2	122495070	122495077	+	15.6087	1.96e-05	0.617	atctcggc
ATCTCGGC	DREME-22	chr3	125314751	125314758	+	15.6087	1.96e-05	0.617	atctcggc
ATCTCGGC	DREME-22	chr10	125853409	125853416	+	15.6087	1.96e-05	0.617	atctcggc
ATCTCGGC	DREME-22	chr8	126010591	126010598	+	15.6087	1.96e-05	0.617	ATCTCGGC
ATCTCGGC	DREME-22	chr5	126098387	126098394	+	15.6087	1.96e-05	0.617	atctcggc
ATCTCGGC	DREME-22	chr10	126481160	126481167	+	15.6087	1.96e-05	0.617	atctcggc
ATCTCGGC	DREME-22	chr3	128901858	128901865	+	15.6087	1.96e-05	0.617	atctcggc
ATCTCGGC	DREME-22	chr2	128991038	128991045	+	15.6087	1.96e-05	0.617	ATCTCGGC
ATCTCGGC	DREME-22	chr3	130466188	130466195	+	15.6087	1.96e-05	0.617	atctcggc
ATCTCGGC	DREME-22	chr5	130500896	130500903	+	15.6087	1.96e-05	0.617	ATCTCGGC
ATCTCGGC	DREME-22	chr7	131012355	131012362	+	15.6087	1.96e-05	0.617	ATCTCGGC
ATCTCGGC	DREME-22	chr9	132565207	132565214	+	15.6087	1.96e-05	0.617	atctcggc
ATCTCGGC	DREME-22	chr12	133339257	133339264	+	15.6087	1.96e-05	0.617	atctcggc
ATCTCGGC	DREME-22	chr5	134073753	134073760	+	15.6087	1.96e-05	0.617	atctcggc
ATCTCGGC	DREME-22	chrX	134185836	134185843	+	15.6087	1.96e-05	0.617	ATCTCGGC
ATCTCGGC	DREME-22	chr9	134248871	134248878	+	15.6087	1.96e-05	0.617	ATCTCGGC
ATCTCGGC	DREME-22	chr9	134406559	134406566	+	15.6087	1.96e-05	0.617	ATCTCGGC
ATCTCGGC	DREME-22	chr7	134896159	134896166	+	15.6087	1.96e-05	0.617	ATCTCGGC
ATCTCGGC	DREME-22	chr9	136934180	136934187	+	15.6087	1.96e-05	0.617	atctcggc
ATCTCGGC	DREME-22	chr5	137089369	137089376	+	15.6087	1.96e-05	0.617	ATCTCGGC
ATCTCGGC	DREME-22	chr7	139024693	139024700	+	15.6087	1.96e-05	0.617	atctcggc
ATCTCGGC	DREME-22	chr3	140660767	140660774	+	15.6087	1.96e-05	0.617	ATCTCGGC
ATCTCGGC	DREME-22	chr1	143914442	143914449	+	15.6087	1.96e-05	0.617	ATCTCGGC
ATCTCGGC	DREME-22	chr6	144417095	144417102	+	15.6087	1.96e-05	0.617	atctcggc
ATCTCGGC	DREME-22	chr8	145150461	145150468	+	15.6087	1.96e-05	0.617	ATCTCGGC
ATCTCGGC	DREME-22	chr2	145281617	145281624	+	15.6087	1.96e-05	0.617	ATCTCGGC
ATCTCGGC	DREME-22	chr1	145449211	145449218	+	15.6087	1.96e-05	0.617	atctcggc
ATCTCGGC	DREME-22	chr8	145654236	145654243	+	15.6087	1.96e-05	0.617	atctcggc
ATCTCGGC	DREME-22	chrX	153599530	153599537	+	15.6087	1.96e-05	0.617	ATCTCGGC
ATCTCGGC	DREME-22	chrX	153719530	153719537	+	15.6087	1.96e-05	0.617	atctcggc
ATCTCGGC	DREME-22	chr1	154580868	154580875	+	15.6087	1.96e-05	0.617	atctcggc
ATCTCGGC	DREME-22	chr2	157198331	157198338	+	15.6087	1.96e-05	0.617	ATCTCGGC
ATCTCGGC	DREME-22	chr3	157827852	157827859	+	15.6087	1.96e-05	0.617	ATCTCGGC
ATCTCGGC	DREME-22	chr6	158981101	158981108	+	15.6087	1.96e-05	0.617	ATCTCGGC
ATCTCGGC	DREME-22	chr1	179263730	179263737	+	15.6087	1.96e-05	0.617	atctcggc
ATCTCGGC	DREME-22	chr3	179322241	179322248	+	15.6087	1.96e-05	0.617	ATCTCGGC
ATCTCGGC	DREME-22	chr3	179322249	179322256	+	15.6087	1.96e-05	0.617	ATCTCGGC
ATCTCGGC	DREME-22	chr3	183852866	183852873	+	15.6087	1.96e-05	0.617	ATCTCGGC
ATCTCGGC	DREME-22	chr3	185653653	185653660	+	15.6087	1.96e-05	0.617	ATCTCGGC
ATCTCGGC	DREME-22	chr1	186344602	186344609	+	15.6087	1.96e-05	0.617	ATCTCGGC
ATCTCGGC	DREME-22	chr3	195947824	195947831	+	15.6087	1.96e-05	0.617	atctcggc
ATCTCGGC	DREME-22	chr2	196522670	196522677	+	15.6087	1.96e-05	0.617	ATCTCGGC
ATCTCGGC	DREME-22	chr2	197033864	197033871	+	15.6087	1.96e-05	0.617	atctcggc
ATCTCGGC	DREME-22	chr2	201753306	201753313	+	15.6087	1.96e-05	0.617	atctcggc
ATCTCGGC	DREME-22	chr2	209130820	209130827	+	15.6087	1.96e-05	0.617	ATCTCGGC
ATCTCGGC	DREME-22	chr1	212459494	212459501	+	15.6087	1.96e-05	0.617	ATCTCGGC
ATCTCGGC	DREME-22	chr1	229695168	229695175	+	15.6087	1.96e-05	0.617	atctcggc
ATCTCGGC	DREME-22	chr2	231084355	231084362	+	15.6087	1.96e-05	0.617	ATCTCGGC
ATCTCGGC	DREME-22	chr1	235668751	235668758	+	15.6087	1.96e-05	0.617	atctcggc
ATCTCGGC	DREME-22	chr1	244997341	244997348	+	15.6087	1.96e-05	0.617	atctcggc
ATCTCGGC	DREME-22	chr19	488467	488474	-	15.6087	1.96e-05	0.617	ATCTCGGC
ATCTCGGC	DREME-22	chr11	616109	616116	-	15.6087	1.96e-05	0.617	ATCTCGGC
ATCTCGGC	DREME-22	chr1	1311308	1311315	-	15.6087	1.96e-05	0.617	ATCTCGGC
ATCTCGGC	DREME-22	chr6	2876033	2876040	-	15.6087	1.96e-05	0.617	ATCTCGGC
ATCTCGGC	DREME-22	chr4	3077215	3077222	-	15.6087	1.96e-05	0.617	ATCTCGGC
ATCTCGGC	DREME-22	chr17	3539963	3539970	-	15.6087	1.96e-05	0.617	ATCTCGGC
ATCTCGGC	DREME-22	chrX	3733509	3733516	-	15.6087	1.96e-05	0.617	ATCTCGGC
ATCTCGGC	DREME-22	chr10	3825426	3825433	-	15.6087	1.96e-05	0.617	ATCTCGGC
ATCTCGGC	DREME-22	chr12	3982037	3982044	-	15.6087	1.96e-05	0.617	ATCTCGGC
ATCTCGGC	DREME-22	chr17	4046765	4046772	-	15.6087	1.96e-05	0.617	ATCTCGGC
ATCTCGGC	DREME-22	chr16	4303370	4303377	-	15.6087	1.96e-05	0.617	ATCTCGGC
ATCTCGGC	DREME-22	chr20	4667629	4667636	-	15.6087	1.96e-05	0.617	ATCTCGGC
ATCTCGGC	DREME-22	chr17	5390249	5390256	-	15.6087	1.96e-05	0.617	ATCTCGGC
ATCTCGGC	DREME-22	chr11	5646266	5646273	-	15.6087	1.96e-05	0.617	ATCTCGGC
ATCTCGGC	DREME-22	chr10	6018649	6018656	-	15.6087	1.96e-05	0.617	ATCTCGGC
ATCTCGGC	DREME-22	chr7	6487620	6487627	-	15.6087	1.96e-05	0.617	ATCTCGGC
ATCTCGGC	DREME-22	chr17	6554386	6554393	-	15.6087	1.96e-05	0.617	ATCTCGGC
ATCTCGGC	DREME-22	chr5	6634385	6634392	-	15.6087	1.96e-05	0.617	ATCTCGGC
ATCTCGGC	DREME-22	chr17	6916389	6916396	-	15.6087	1.96e-05	0.617	ATCTCGGC
ATCTCGGC	DREME-22	chr17	7041807	7041814	-	15.6087	1.96e-05	0.617	ATCTCGGC
ATCTCGGC	DREME-22	chr4	7045423	7045430	-	15.6087	1.96e-05	0.617	ATCTCGGC
ATCTCGGC	DREME-22	chr17	7210296	7210303	-	15.6087	1.96e-05	0.617	ATCTCGGC
ATCTCGGC	DREME-22	chr12	8113223	8113230	-	15.6087	1.96e-05	0.617	ATCTCGGC
ATCTCGGC	DREME-22	chr19	8638679	8638686	-	15.6087	1.96e-05	0.617	ATCTCGGC
ATCTCGGC	DREME-22	chr16	9185928	9185935	-	15.6087	1.96e-05	0.617	ATCTCGGC
ATCTCGGC	DREME-22	chr18	9334607	9334614	-	15.6087	1.96e-05	0.617	ATCTCGGC
ATCTCGGC	DREME-22	chr12	9803353	9803360	-	15.6087	1.96e-05	0.617	ATCTCGGC
ATCTCGGC	DREME-22	chr3	9834339	9834346	-	15.6087	1.96e-05	0.617	ATCTCGGC
ATCTCGGC	DREME-22	chr3	10028843	10028850	-	15.6087	1.96e-05	0.617	ATCTCGGC
ATCTCGGC	DREME-22	chr19	10764459	10764466	-	15.6087	1.96e-05	0.617	ATCTCGGC
ATCTCGGC	DREME-22	chr17	11924335	11924342	-	15.6087	1.96e-05	0.617	ATCTCGGC
ATCTCGGC	DREME-22	chr19	12663187	12663194	-	15.6087	1.96e-05	0.617	ATCTCGGC
ATCTCGGC	DREME-22	chr18	12702070	12702077	-	15.6087	1.96e-05	0.617	ATCTCGGC
ATCTCGGC	DREME-22	chr12	14719974	14719981	-	15.6087	1.96e-05	0.617	ATCTCGGC
ATCTCGGC	DREME-22	chr17	16283838	16283845	-	15.6087	1.96e-05	0.617	ATCTCGGC
ATCTCGGC	DREME-22	chr19	16770695	16770702	-	15.6087	1.96e-05	0.617	ATCTCGGC
ATCTCGGC	DREME-22	chr11	17099477	17099484	-	15.6087	1.96e-05	0.617	ATCTCGGC
ATCTCGGC	DREME-22	chr17	17183819	17183826	-	15.6087	1.96e-05	0.617	ATCTCGGC
ATCTCGGC	DREME-22	chr4	17578489	17578496	-	15.6087	1.96e-05	0.617	ATCTCGGC
ATCTCGGC	DREME-22	chr19	17623026	17623033	-	15.6087	1.96e-05	0.617	ATCTCGGC
ATCTCGGC	DREME-22	chr22	17699992	17699999	-	15.6087	1.96e-05	0.617	ATCTCGGC
ATCTCGGC	DREME-22	chr20	18117878	18117885	-	15.6087	1.96e-05	0.617	ATCTCGGC
ATCTCGGC	DREME-22	chr19	18263107	18263114	-	15.6087	1.96e-05	0.617	ATCTCGGC
ATCTCGGC	DREME-22	chr19	18285627	18285634	-	15.6087	1.96e-05	0.617	ATCTCGGC
ATCTCGGC	DREME-22	chr19	18303403	18303410	-	15.6087	1.96e-05	0.617	ATCTCGGC
ATCTCGGC	DREME-22	chr9	19128171	19128178	-	15.6087	1.96e-05	0.617	ATCTCGGC
ATCTCGGC	DREME-22	chr3	19988210	19988217	-	15.6087	1.96e-05	0.617	ATCTCGGC
ATCTCGGC	DREME-22	chr17	21117020	21117027	-	15.6087	1.96e-05	0.617	ATCTCGGC
ATCTCGGC	DREME-22	chr14	21150945	21150952	-	15.6087	1.96e-05	0.617	ATCTCGGC
ATCTCGGC	DREME-22	chr16	21530337	21530344	-	15.6087	1.96e-05	0.617	ATCTCGGC
ATCTCGGC	DREME-22	chr6	21595023	21595030	-	15.6087	1.96e-05	0.617	ATCTCGGC
ATCTCGGC	DREME-22	chr16	21662489	21662496	-	15.6087	1.96e-05	0.617	ATCTCGGC
ATCTCGGC	DREME-22	chr8	21769064	21769071	-	15.6087	1.96e-05	0.617	ATCTCGGC
ATCTCGGC	DREME-22	chr22	22021043	22021050	-	15.6087	1.96e-05	0.617	ATCTCGGC
ATCTCGGC	DREME-22	chr8	23386576	23386583	-	15.6087	1.96e-05	0.617	ATCTCGGC
ATCTCGGC	DREME-22	chr14	23387547	23387554	-	15.6087	1.96e-05	0.617	ATCTCGGC
ATCTCGGC	DREME-22	chr19	23577475	23577482	-	15.6087	1.96e-05	0.617	ATCTCGGC
ATCTCGGC	DREME-22	chr22	24199566	24199573	-	15.6087	1.96e-05	0.617	ATCTCGGC
ATCTCGGC	DREME-22	chrX	24483454	24483461	-	15.6087	1.96e-05	0.617	ATCTCGGC
ATCTCGGC	DREME-22	chr14	24610490	24610497	-	15.6087	1.96e-05	0.617	ATCTCGGC
ATCTCGGC	DREME-22	chr16	25027174	25027181	-	15.6087	1.96e-05	0.617	ATCTCGGC
ATCTCGGC	DREME-22	chr6	26124640	26124647	-	15.6087	1.96e-05	0.617	ATCTCGGC
ATCTCGGC	DREME-22	chr6	26125776	26125783	-	15.6087	1.96e-05	0.617	ATCTCGGC
ATCTCGGC	DREME-22	chr1	26186284	26186291	-	15.6087	1.96e-05	0.617	ATCTCGGC
ATCTCGGC	DREME-22	chr2	26214504	26214511	-	15.6087	1.96e-05	0.617	ATCTCGGC
ATCTCGGC	DREME-22	chr1	26561256	26561263	-	15.6087	1.96e-05	0.617	ATCTCGGC
ATCTCGGC	DREME-22	chr1	26645895	26645902	-	15.6087	1.96e-05	0.617	ATCTCGGC
ATCTCGGC	DREME-22	chr10	27389111	27389118	-	15.6087	1.96e-05	0.617	ATCTCGGC
ATCTCGGC	DREME-22	chr6	27720674	27720681	-	15.6087	1.96e-05	0.617	ATCTCGGC
ATCTCGGC	DREME-22	chr6	27807205	27807212	-	15.6087	1.96e-05	0.617	ATCTCGGC
ATCTCGGC	DREME-22	chr17	28034116	28034123	-	15.6087	1.96e-05	0.617	ATCTCGGC
ATCTCGGC	DREME-22	chr3	28283278	28283285	-	15.6087	1.96e-05	0.617	ATCTCGGC
ATCTCGGC	DREME-22	chr1	28970508	28970515	-	15.6087	1.96e-05	0.617	ATCTCGGC
ATCTCGGC	DREME-22	chr17	29150328	29150335	-	15.6087	1.96e-05	0.617	ATCTCGGC
ATCTCGGC	DREME-22	chr22	29197007	29197014	-	15.6087	1.96e-05	0.617	ATCTCGGC
ATCTCGGC	DREME-22	chr7	29234252	29234259	-	15.6087	1.96e-05	0.617	ATCTCGGC
ATCTCGGC	DREME-22	chr16	29623607	29623614	-	15.6087	1.96e-05	0.617	ATCTCGGC
ATCTCGGC	DREME-22	chr8	29970737	29970744	-	15.6087	1.96e-05	0.617	ATCTCGGC
ATCTCGGC	DREME-22	chr6	30181222	30181229	-	15.6087	1.96e-05	0.617	ATCTCGGC
ATCTCGGC	DREME-22	chr7	30324585	30324592	-	15.6087	1.96e-05	0.617	ATCTCGGC
ATCTCGGC	DREME-22	chr16	30645436	30645443	-	15.6087	1.96e-05	0.617	ATCTCGGC
ATCTCGGC	DREME-22	chr16	31128183	31128190	-	15.6087	1.96e-05	0.617	ATCTCGGC
ATCTCGGC	DREME-22	chr16	31128635	31128642	-	15.6087	1.96e-05	0.617	ATCTCGGC
ATCTCGGC	DREME-22	chr6	31368354	31368361	-	15.6087	1.96e-05	0.617	ATCTCGGC
ATCTCGGC	DREME-22	chr6	31462550	31462557	-	15.6087	1.96e-05	0.617	ATCTCGGC
ATCTCGGC	DREME-22	chr5	32313217	32313224	-	15.6087	1.96e-05	0.617	ATCTCGGC
ATCTCGGC	DREME-22	chr2	32489448	32489455	-	15.6087	1.96e-05	0.617	ATCTCGGC
ATCTCGGC	DREME-22	chr1	32573277	32573284	-	15.6087	1.96e-05	0.617	ATCTCGGC
ATCTCGGC	DREME-22	chr9	33077088	33077095	-	15.6087	1.96e-05	0.617	ATCTCGGC
ATCTCGGC	DREME-22	chr8	33370338	33370345	-	15.6087	1.96e-05	0.617	ATCTCGGC
ATCTCGGC	DREME-22	chr17	33390419	33390426	-	15.6087	1.96e-05	0.617	ATCTCGGC
ATCTCGGC	DREME-22	chr19	33863735	33863742	-	15.6087	1.96e-05	0.617	ATCTCGGC
ATCTCGGC	DREME-22	chr17	33894675	33894682	-	15.6087	1.96e-05	0.617	ATCTCGGC
ATCTCGGC	DREME-22	chr17	34136906	34136913	-	15.6087	1.96e-05	0.617	ATCTCGGC
ATCTCGGC	DREME-22	chr15	34393849	34393856	-	15.6087	1.96e-05	0.617	ATCTCGGC
ATCTCGGC	DREME-22	chr15	34394542	34394549	-	15.6087	1.96e-05	0.617	ATCTCGGC
ATCTCGGC	DREME-22	chr21	34775228	34775235	-	15.6087	1.96e-05	0.617	ATCTCGGC
ATCTCGGC	DREME-22	chr1	35450817	35450824	-	15.6087	1.96e-05	0.617	ATCTCGGC
ATCTCGGC	DREME-22	chr20	35578105	35578112	-	15.6087	1.96e-05	0.617	ATCTCGGC
ATCTCGGC	DREME-22	chr9	35731934	35731941	-	15.6087	1.96e-05	0.617	ATCTCGGC
ATCTCGGC	DREME-22	chr17	36908806	36908813	-	15.6087	1.96e-05	0.617	ATCTCGGC
ATCTCGGC	DREME-22	chr17	36980884	36980891	-	15.6087	1.96e-05	0.617	ATCTCGGC
ATCTCGGC	DREME-22	chr7	37487558	37487565	-	15.6087	1.96e-05	0.617	ATCTCGGC
ATCTCGGC	DREME-22	chr2	37572924	37572931	-	15.6087	1.96e-05	0.617	ATCTCGGC
ATCTCGGC	DREME-22	chr13	37574427	37574434	-	15.6087	1.96e-05	0.617	ATCTCGGC
ATCTCGGC	DREME-22	chr17	37617331	37617338	-	15.6087	1.96e-05	0.617	ATCTCGGC
ATCTCGGC	DREME-22	chr2	37763257	37763264	-	15.6087	1.96e-05	0.617	ATCTCGGC
ATCTCGGC	DREME-22	chr17	37910929	37910936	-	15.6087	1.96e-05	0.617	ATCTCGGC
ATCTCGGC	DREME-22	chrX	38186255	38186262	-	15.6087	1.96e-05	0.617	ATCTCGGC
ATCTCGGC	DREME-22	chr21	38445722	38445729	-	15.6087	1.96e-05	0.617	ATCTCGGC
ATCTCGGC	DREME-22	chr8	38854576	38854583	-	15.6087	1.96e-05	0.617	ATCTCGGC
ATCTCGGC	DREME-22	chr22	39102402	39102409	-	15.6087	1.96e-05	0.617	ATCTCGGC
ATCTCGGC	DREME-22	chr19	39322686	39322693	-	15.6087	1.96e-05	0.617	ATCTCGGC
ATCTCGGC	DREME-22	chr4	39461525	39461532	-	15.6087	1.96e-05	0.617	ATCTCGGC
ATCTCGGC	DREME-22	chr4	39641346	39641353	-	15.6087	1.96e-05	0.617	ATCTCGGC
ATCTCGGC	DREME-22	chr7	39663532	39663539	-	15.6087	1.96e-05	0.617	ATCTCGGC
ATCTCGGC	DREME-22	chr7	39988619	39988626	-	15.6087	1.96e-05	0.617	ATCTCGGC
ATCTCGGC	DREME-22	chr15	40225926	40225933	-	15.6087	1.96e-05	0.617	ATCTCGGC
ATCTCGGC	DREME-22	chr5	40681890	40681897	-	15.6087	1.96e-05	0.617	ATCTCGGC
ATCTCGGC	DREME-22	chr15	40763607	40763614	-	15.6087	1.96e-05	0.617	ATCTCGGC
ATCTCGGC	DREME-22	chr17	40985560	40985567	-	15.6087	1.96e-05	0.617	ATCTCGGC
ATCTCGGC	DREME-22	chr22	41809380	41809387	-	15.6087	1.96e-05	0.617	ATCTCGGC
ATCTCGGC	DREME-22	chr13	41885249	41885256	-	15.6087	1.96e-05	0.617	ATCTCGGC
ATCTCGGC	DREME-22	chr22	42486136	42486143	-	15.6087	1.96e-05	0.617	ATCTCGGC
ATCTCGGC	DREME-22	chr6	42952409	42952416	-	15.6087	1.96e-05	0.617	ATCTCGGC
ATCTCGGC	DREME-22	chr22	43010441	43010448	-	15.6087	1.96e-05	0.617	ATCTCGGC
ATCTCGGC	DREME-22	chr5	43018903	43018910	-	15.6087	1.96e-05	0.617	ATCTCGGC
ATCTCGGC	DREME-22	chr5	43066144	43066151	-	15.6087	1.96e-05	0.617	ATCTCGGC
ATCTCGGC	DREME-22	chr17	43227127	43227134	-	15.6087	1.96e-05	0.617	ATCTCGGC
ATCTCGGC	DREME-22	chr17	43487760	43487767	-	15.6087	1.96e-05	0.617	ATCTCGGC
ATCTCGGC	DREME-22	chr15	44085241	44085248	-	15.6087	1.96e-05	0.617	ATCTCGGC
ATCTCGGC	DREME-22	chr19	44173909	44173916	-	15.6087	1.96e-05	0.617	ATCTCGGC
ATCTCGGC	DREME-22	chr21	44314270	44314277	-	15.6087	1.96e-05	0.617	ATCTCGGC
ATCTCGGC	DREME-22	chr15	45003738	45003745	-	15.6087	1.96e-05	0.617	ATCTCGGC
ATCTCGGC	DREME-22	chr7	45068201	45068208	-	15.6087	1.96e-05	0.617	ATCTCGGC
ATCTCGGC	DREME-22	chr21	45079566	45079573	-	15.6087	1.96e-05	0.617	ATCTCGGC
ATCTCGGC	DREME-22	chr21	45209098	45209105	-	15.6087	1.96e-05	0.617	ATCTCGGC
ATCTCGGC	DREME-22	chr14	45722155	45722162	-	15.6087	1.96e-05	0.617	ATCTCGGC
ATCTCGGC	DREME-22	chr2	45838012	45838019	-	15.6087	1.96e-05	0.617	ATCTCGGC
ATCTCGGC	DREME-22	chr19	45953969	45953976	-	15.6087	1.96e-05	0.617	ATCTCGGC
ATCTCGGC	DREME-22	chr12	46385290	46385297	-	15.6087	1.96e-05	0.617	ATCTCGGC
ATCTCGGC	DREME-22	chr7	47534734	47534741	-	15.6087	1.96e-05	0.617	ATCTCGGC
ATCTCGGC	DREME-22	chr11	47789531	47789538	-	15.6087	1.96e-05	0.617	ATCTCGGC
ATCTCGGC	DREME-22	chr3	47830389	47830396	-	15.6087	1.96e-05	0.617	ATCTCGGC
ATCTCGGC	DREME-22	chr3	48342483	48342490	-	15.6087	1.96e-05	0.617	ATCTCGGC
ATCTCGGC	DREME-22	chr13	48796618	48796625	-	15.6087	1.96e-05	0.617	ATCTCGGC
ATCTCGGC	DREME-22	chr3	49058714	49058721	-	15.6087	1.96e-05	0.617	ATCTCGGC
ATCTCGGC	DREME-22	chr12	49111152	49111159	-	15.6087	1.96e-05	0.617	ATCTCGGC
ATCTCGGC	DREME-22	chr19	49376336	49376343	-	15.6087	1.96e-05	0.617	ATCTCGGC
ATCTCGGC	DREME-22	chr19	49403790	49403797	-	15.6087	1.96e-05	0.617	ATCTCGGC
ATCTCGGC	DREME-22	chr13	49822114	49822121	-	15.6087	1.96e-05	0.617	ATCTCGGC
ATCTCGGC	DREME-22	chr19	50321126	50321133	-	15.6087	1.96e-05	0.617	ATCTCGGC
ATCTCGGC	DREME-22	chr12	51633509	51633516	-	15.6087	1.96e-05	0.617	ATCTCGGC
ATCTCGGC	DREME-22	chrX	52949788	52949795	-	15.6087	1.96e-05	0.617	ATCTCGGC
ATCTCGGC	DREME-22	chr12	53399423	53399430	-	15.6087	1.96e-05	0.617	ATCTCGGC
ATCTCGGC	DREME-22	chr5	53606217	53606224	-	15.6087	1.96e-05	0.617	ATCTCGGC
ATCTCGGC	DREME-22	chr2	55509390	55509397	-	15.6087	1.96e-05	0.617	ATCTCGGC
ATCTCGGC	DREME-22	chr17	55927785	55927792	-	15.6087	1.96e-05	0.617	ATCTCGGC
ATCTCGGC	DREME-22	chr5	56110975	56110982	-	15.6087	1.96e-05	0.617	ATCTCGGC
ATCTCGGC	DREME-22	chr12	56509868	56509875	-	15.6087	1.96e-05	0.617	ATCTCGGC
ATCTCGGC	DREME-22	chr3	57581623	57581630	-	15.6087	1.96e-05	0.617	ATCTCGGC
ATCTCGGC	DREME-22	chr5	57756101	57756108	-	15.6087	1.96e-05	0.617	ATCTCGGC
ATCTCGGC	DREME-22	chr4	57844295	57844302	-	15.6087	1.96e-05	0.617	ATCTCGGC
ATCTCGGC	DREME-22	chr4	57844612	57844619	-	15.6087	1.96e-05	0.617	ATCTCGGC
ATCTCGGC	DREME-22	chr17	57919984	57919991	-	15.6087	1.96e-05	0.617	ATCTCGGC
ATCTCGGC	DREME-22	chr19	58144834	58144841	-	15.6087	1.96e-05	0.617	ATCTCGGC
ATCTCGGC	DREME-22	chr2	58468356	58468363	-	15.6087	1.96e-05	0.617	ATCTCGGC
ATCTCGGC	DREME-22	chr19	59086835	59086842	-	15.6087	1.96e-05	0.617	ATCTCGGC
ATCTCGGC	DREME-22	chr15	59982236	59982243	-	15.6087	1.96e-05	0.617	ATCTCGGC
ATCTCGGC	DREME-22	chr11	60214151	60214158	-	15.6087	1.96e-05	0.617	ATCTCGGC
ATCTCGGC	DREME-22	chr14	60716672	60716679	-	15.6087	1.96e-05	0.617	ATCTCGGC
ATCTCGGC	DREME-22	chr2	61109755	61109762	-	15.6087	1.96e-05	0.617	ATCTCGGC
ATCTCGGC	DREME-22	chr5	61602852	61602859	-	15.6087	1.96e-05	0.617	ATCTCGGC
ATCTCGGC	DREME-22	chr11	61733691	61733698	-	15.6087	1.96e-05	0.617	ATCTCGGC
ATCTCGGC	DREME-22	chr17	61920941	61920948	-	15.6087	1.96e-05	0.617	ATCTCGGC
ATCTCGGC	DREME-22	chr11	62421181	62421188	-	15.6087	1.96e-05	0.617	ATCTCGGC
ATCTCGGC	DREME-22	chr11	62607900	62607907	-	15.6087	1.96e-05	0.617	ATCTCGGC
ATCTCGGC	DREME-22	chr17	62832853	62832860	-	15.6087	1.96e-05	0.617	ATCTCGGC
ATCTCGGC	DREME-22	chr10	63661182	63661189	-	15.6087	1.96e-05	0.617	ATCTCGGC
ATCTCGGC	DREME-22	chr1	63989219	63989226	-	15.6087	1.96e-05	0.617	ATCTCGGC
ATCTCGGC	DREME-22	chr2	65456159	65456166	-	15.6087	1.96e-05	0.617	ATCTCGGC
ATCTCGGC	DREME-22	chr12	65563266	65563273	-	15.6087	1.96e-05	0.617	ATCTCGGC
ATCTCGGC	DREME-22	chr7	65579601	65579608	-	15.6087	1.96e-05	0.617	ATCTCGGC
ATCTCGGC	DREME-22	chr15	65588008	65588015	-	15.6087	1.96e-05	0.617	ATCTCGGC
ATCTCGGC	DREME-22	chr11	65655973	65655980	-	15.6087	1.96e-05	0.617	ATCTCGGC
ATCTCGGC	DREME-22	chr12	67663570	67663577	-	15.6087	1.96e-05	0.617	ATCTCGGC
ATCTCGGC	DREME-22	chr3	69100571	69100578	-	15.6087	1.96e-05	0.617	ATCTCGGC
ATCTCGGC	DREME-22	chr7	69112019	69112026	-	15.6087	1.96e-05	0.617	ATCTCGGC
ATCTCGGC	DREME-22	chr5	69345214	69345221	-	15.6087	1.96e-05	0.617	ATCTCGGC
ATCTCGGC	DREME-22	chr5	70220632	70220639	-	15.6087	1.96e-05	0.617	ATCTCGGC
ATCTCGGC	DREME-22	chr2	70352035	70352042	-	15.6087	1.96e-05	0.617	ATCTCGGC
ATCTCGGC	DREME-22	chr10	70716743	70716750	-	15.6087	1.96e-05	0.617	ATCTCGGC
ATCTCGGC	DREME-22	chr17	71189322	71189329	-	15.6087	1.96e-05	0.617	ATCTCGGC
ATCTCGGC	DREME-22	chr6	71377720	71377727	-	15.6087	1.96e-05	0.617	ATCTCGGC
ATCTCGGC	DREME-22	chr17	72709389	72709396	-	15.6087	1.96e-05	0.617	ATCTCGGC
ATCTCGGC	DREME-22	chr13	73356102	73356109	-	15.6087	1.96e-05	0.617	ATCTCGGC
ATCTCGGC	DREME-22	chr11	73693565	73693572	-	15.6087	1.96e-05	0.617	ATCTCGGC
ATCTCGGC	DREME-22	chr11	74172613	74172620	-	15.6087	1.96e-05	0.617	ATCTCGGC
ATCTCGGC	DREME-22	chr2	74692749	74692756	-	15.6087	1.96e-05	0.617	ATCTCGGC
ATCTCGGC	DREME-22	chr15	75230979	75230986	-	15.6087	1.96e-05	0.617	ATCTCGGC
ATCTCGGC	DREME-22	chr16	75657284	75657291	-	15.6087	1.96e-05	0.617	ATCTCGGC
ATCTCGGC	DREME-22	chr15	76051382	76051389	-	15.6087	1.96e-05	0.617	ATCTCGGC
ATCTCGGC	DREME-22	chr13	77566263	77566270	-	15.6087	1.96e-05	0.617	ATCTCGGC
ATCTCGGC	DREME-22	chr9	77567745	77567752	-	15.6087	1.96e-05	0.617	ATCTCGGC
ATCTCGGC	DREME-22	chr11	77705789	77705796	-	15.6087	1.96e-05	0.617	ATCTCGGC
ATCTCGGC	DREME-22	chr14	77788171	77788178	-	15.6087	1.96e-05	0.617	ATCTCGGC
ATCTCGGC	DREME-22	chr15	79166162	79166169	-	15.6087	1.96e-05	0.617	ATCTCGGC
ATCTCGGC	DREME-22	chr5	79441111	79441118	-	15.6087	1.96e-05	0.617	ATCTCGGC
ATCTCGGC	DREME-22	chr11	82828439	82828446	-	15.6087	1.96e-05	0.617	ATCTCGGC
ATCTCGGC	DREME-22	chr16	89307188	89307195	-	15.6087	1.96e-05	0.617	ATCTCGGC
ATCTCGGC	DREME-22	chr15	90931908	90931915	-	15.6087	1.96e-05	0.617	ATCTCGGC
ATCTCGGC	DREME-22	chr6	91296036	91296043	-	15.6087	1.96e-05	0.617	ATCTCGGC
ATCTCGGC	DREME-22	chr13	92000809	92000816	-	15.6087	1.96e-05	0.617	ATCTCGGC
ATCTCGGC	DREME-22	chr14	93120604	93120611	-	15.6087	1.96e-05	0.617	ATCTCGGC
ATCTCGGC	DREME-22	chr1	93644864	93644871	-	15.6087	1.96e-05	0.617	ATCTCGGC
ATCTCGGC	DREME-22	chr10	94352339	94352346	-	15.6087	1.96e-05	0.617	ATCTCGGC
ATCTCGGC	DREME-22	chr5	95297814	95297821	-	15.6087	1.96e-05	0.617	ATCTCGGC
ATCTCGGC	DREME-22	chr7	99096944	99096951	-	15.6087	1.96e-05	0.617	ATCTCGGC
ATCTCGGC	DREME-22	chr13	99854272	99854279	-	15.6087	1.96e-05	0.617	ATCTCGGC
ATCTCGGC	DREME-22	chr14	100705632	100705639	-	15.6087	1.96e-05	0.617	ATCTCGGC
ATCTCGGC	DREME-22	chr9	100819156	100819163	-	15.6087	1.96e-05	0.617	ATCTCGGC
ATCTCGGC	DREME-22	chr4	102269011	102269018	-	15.6087	1.96e-05	0.617	ATCTCGGC
ATCTCGGC	DREME-22	chr7	104652544	104652551	-	15.6087	1.96e-05	0.617	ATCTCGGC
ATCTCGGC	DREME-22	chr1	109203491	109203498	-	15.6087	1.96e-05	0.617	ATCTCGGC
ATCTCGGC	DREME-22	chr6	109777015	109777022	-	15.6087	1.96e-05	0.617	ATCTCGGC
ATCTCGGC	DREME-22	chr9	110251560	110251567	-	15.6087	1.96e-05	0.617	ATCTCGGC
ATCTCGGC	DREME-22	chr4	110481849	110481856	-	15.6087	1.96e-05	0.617	ATCTCGGC
ATCTCGGC	DREME-22	chr6	111927703	111927710	-	15.6087	1.96e-05	0.617	ATCTCGGC
ATCTCGGC	DREME-22	chr13	113345723	113345730	-	15.6087	1.96e-05	0.617	ATCTCGGC
ATCTCGGC	DREME-22	chr12	113796117	113796124	-	15.6087	1.96e-05	0.617	ATCTCGGC
ATCTCGGC	DREME-22	chr13	115046673	115046680	-	15.6087	1.96e-05	0.617	ATCTCGGC
ATCTCGGC	DREME-22	chr9	115141414	115141421	-	15.6087	1.96e-05	0.617	ATCTCGGC
ATCTCGGC	DREME-22	chr11	118442750	118442757	-	15.6087	1.96e-05	0.617	ATCTCGGC
ATCTCGGC	DREME-22	chrX	118926579	118926586	-	15.6087	1.96e-05	0.617	ATCTCGGC
ATCTCGGC	DREME-22	chr12	120730350	120730357	-	15.6087	1.96e-05	0.617	ATCTCGGC
ATCTCGGC	DREME-22	chr1	120837668	120837675	-	15.6087	1.96e-05	0.617	ATCTCGGC
ATCTCGGC	DREME-22	chr12	122018078	122018085	-	15.6087	1.96e-05	0.617	ATCTCGGC
ATCTCGGC	DREME-22	chr12	122028082	122028089	-	15.6087	1.96e-05	0.617	ATCTCGGC
ATCTCGGC	DREME-22	chr3	122134984	122134991	-	15.6087	1.96e-05	0.617	ATCTCGGC
ATCTCGGC	DREME-22	chr4	122618091	122618098	-	15.6087	1.96e-05	0.617	ATCTCGGC
ATCTCGGC	DREME-22	chr9	123472647	123472654	-	15.6087	1.96e-05	0.617	ATCTCGGC
ATCTCGGC	DREME-22	chr12	124068501	124068508	-	15.6087	1.96e-05	0.617	ATCTCGGC
ATCTCGGC	DREME-22	chr12	124068675	124068682	-	15.6087	1.96e-05	0.617	ATCTCGGC
ATCTCGGC	DREME-22	chr9	125591334	125591341	-	15.6087	1.96e-05	0.617	ATCTCGGC
ATCTCGGC	DREME-22	chr9	127962295	127962302	-	15.6087	1.96e-05	0.617	ATCTCGGC
ATCTCGGC	DREME-22	chr9	128023642	128023649	-	15.6087	1.96e-05	0.617	ATCTCGGC
ATCTCGGC	DREME-22	chr3	128598211	128598218	-	15.6087	1.96e-05	0.617	ATCTCGGC
ATCTCGGC	DREME-22	chr7	128695353	128695360	-	15.6087	1.96e-05	0.617	ATCTCGGC
ATCTCGGC	DREME-22	chr9	130540680	130540687	-	15.6087	1.96e-05	0.617	ATCTCGGC
ATCTCGGC	DREME-22	chr9	132404322	132404329	-	15.6087	1.96e-05	0.617	ATCTCGGC
ATCTCGGC	DREME-22	chr12	132413143	132413150	-	15.6087	1.96e-05	0.617	ATCTCGGC
ATCTCGGC	DREME-22	chr5	133512733	133512740	-	15.6087	1.96e-05	0.617	ATCTCGGC
ATCTCGGC	DREME-22	chr12	133613654	133613661	-	15.6087	1.96e-05	0.617	ATCTCGGC
ATCTCGGC	DREME-22	chr10	134144650	134144657	-	15.6087	1.96e-05	0.617	ATCTCGGC
ATCTCGGC	DREME-22	chr9	134249391	134249398	-	15.6087	1.96e-05	0.617	ATCTCGGC
ATCTCGGC	DREME-22	chr9	137029475	137029482	-	15.6087	1.96e-05	0.617	ATCTCGGC
ATCTCGGC	DREME-22	chr9	139702070	139702077	-	15.6087	1.96e-05	0.617	ATCTCGGC
ATCTCGGC	DREME-22	chr7	139763310	139763317	-	15.6087	1.96e-05	0.617	ATCTCGGC
ATCTCGGC	DREME-22	chr9	139844148	139844155	-	15.6087	1.96e-05	0.617	ATCTCGGC
ATCTCGGC	DREME-22	chr3	141868291	141868298	-	15.6087	1.96e-05	0.617	ATCTCGGC
ATCTCGGC	DREME-22	chr5	142782824	142782831	-	15.6087	1.96e-05	0.617	ATCTCGGC
ATCTCGGC	DREME-22	chr7	143077294	143077301	-	15.6087	1.96e-05	0.617	ATCTCGGC
ATCTCGGC	DREME-22	chr4	144435242	144435249	-	15.6087	1.96e-05	0.617	ATCTCGGC
ATCTCGGC	DREME-22	chr8	144717727	144717734	-	15.6087	1.96e-05	0.617	ATCTCGGC
ATCTCGGC	DREME-22	chr8	144717775	144717782	-	15.6087	1.96e-05	0.617	ATCTCGGC
ATCTCGGC	DREME-22	chr8	145051061	145051068	-	15.6087	1.96e-05	0.617	ATCTCGGC
ATCTCGGC	DREME-22	chr1	145139771	145139778	-	15.6087	1.96e-05	0.617	ATCTCGGC
ATCTCGGC	DREME-22	chr1	146644825	146644832	-	15.6087	1.96e-05	0.617	ATCTCGGC
ATCTCGGC	DREME-22	chr7	148843884	148843891	-	15.6087	1.96e-05	0.617	ATCTCGGC
ATCTCGGC	DREME-22	chr1	149822860	149822867	-	15.6087	1.96e-05	0.617	ATCTCGGC
ATCTCGGC	DREME-22	chr1	150293686	150293693	-	15.6087	1.96e-05	0.617	ATCTCGGC
ATCTCGGC	DREME-22	chr7	150383977	150383984	-	15.6087	1.96e-05	0.617	ATCTCGGC
ATCTCGGC	DREME-22	chr3	150480517	150480524	-	15.6087	1.96e-05	0.617	ATCTCGGC
ATCTCGGC	DREME-22	chr2	152145712	152145719	-	15.6087	1.96e-05	0.617	ATCTCGGC
ATCTCGGC	DREME-22	chr3	152552600	152552607	-	15.6087	1.96e-05	0.617	ATCTCGGC
ATCTCGGC	DREME-22	chr3	152880953	152880960	-	15.6087	1.96e-05	0.617	ATCTCGGC
ATCTCGGC	DREME-22	chr1	155109164	155109171	-	15.6087	1.96e-05	0.617	ATCTCGGC
ATCTCGGC	DREME-22	chr6	158981250	158981257	-	15.6087	1.96e-05	0.617	ATCTCGGC
ATCTCGGC	DREME-22	chr5	162888734	162888741	-	15.6087	1.96e-05	0.617	ATCTCGGC
ATCTCGGC	DREME-22	chr6	170152262	170152269	-	15.6087	1.96e-05	0.617	ATCTCGGC
ATCTCGGC	DREME-22	chr5	171613571	171613578	-	15.6087	1.96e-05	0.617	ATCTCGGC
ATCTCGGC	DREME-22	chr5	179050481	179050488	-	15.6087	1.96e-05	0.617	ATCTCGGC
ATCTCGGC	DREME-22	chr1	179334625	179334632	-	15.6087	1.96e-05	0.617	ATCTCGGC
ATCTCGGC	DREME-22	chr1	183557555	183557562	-	15.6087	1.96e-05	0.617	ATCTCGGC
ATCTCGGC	DREME-22	chr2	190628110	190628117	-	15.6087	1.96e-05	0.617	ATCTCGGC
ATCTCGGC	DREME-22	chr3	196045568	196045575	-	15.6087	1.96e-05	0.617	ATCTCGGC
ATCTCGGC	DREME-22	chr3	196229404	196229411	-	15.6087	1.96e-05	0.617	ATCTCGGC
ATCTCGGC	DREME-22	chr1	201924164	201924171	-	15.6087	1.96e-05	0.617	ATCTCGGC
ATCTCGGC	DREME-22	chr2	203130227	203130234	-	15.6087	1.96e-05	0.617	ATCTCGGC
ATCTCGGC	DREME-22	chr1	204475524	204475531	-	15.6087	1.96e-05	0.617	ATCTCGGC
ATCTCGGC	DREME-22	chr1	206137149	206137156	-	15.6087	1.96e-05	0.617	ATCTCGGC
ATCTCGGC	DREME-22	chr2	219233266	219233273	-	15.6087	1.96e-05	0.617	ATCTCGGC
ATCTCGGC	DREME-22	chr1	221053005	221053012	-	15.6087	1.96e-05	0.617	ATCTCGGC
ATCTCGGC	DREME-22	chr1	226926659	226926666	-	15.6087	1.96e-05	0.617	ATCTCGGC
ATCTCGGC	DREME-22	chr2	242041413	242041420	-	15.6087	1.96e-05	0.617	ATCTCGGC
ATCTCGGC	DREME-22	chr1	243430849	243430856	-	15.6087	1.96e-05	0.617	ATCTCGGC
ATCTCGGC	DREME-22	chr1	244979863	244979870	-	15.6087	1.96e-05	0.617	ATCTCGGC

# FIMO (Find Individual Motif Occurrences): Version 5.1.1 compiled on Feb  1 2020 at 23:13:12
# The format of this file is described at http://meme-suite.org//doc/fimo-output-format.html.
# fimo --parse-genomic-coord --verbosity 1 --oc fimo_out_24 --bgfile ./background --motif ATCTCGGC dreme_out/dreme.xml ./intersect_E1_f0.7.fasta
